archivo,dataset,entidad,pagina_fuente,url_descarga,licencia,fecha_descarga,nota
raw/idesc/pdt_dpa_comunas.geojson,Comunas de Santiago de Cali (Acuerdo 0636 de 2026),DAPM,https://www.datos.gov.co/dataset/Comunas-de-Santiago-de-Cali/dx2g-2mhm,https://ws-idesc.cali.gov.co/geoserver/ows?service=WFS&version=1.0.0&request=GetFeature&typeName=dapm:pdt_dpa_comunas&outputFormat=application/json&srsName=EPSG:4326,CC BY,2026-09-25,"Servicio WFS de la IDESC, capa dapm:pdt_dpa_comunas"
raw/idesc/pdt_dpa_barrios_sectores.geojson,Barrios y sectores de Santiago de Cali,DAPM,https://datos.cali.gov.co/dataset/servicio-wms-barrios-de-cali,https://ws-idesc.cali.gov.co/geoserver/ows?service=WFS&version=1.0.0&request=GetFeature&typeName=dapm:pdt_dpa_barrios_sectores&outputFormat=application/json&srsName=EPSG:4326,CC BY,2026-09-25,"Servicio WFS de la IDESC, capa dapm:pdt_dpa_barrios_sectores"
raw/idesc/epou_epu_espacio_publico_efectivo.geojson,EPOU - Espacio Público Efectivo,DAPM,https://datos.cali.gov.co/dataset/epou-espacio-publico-efectivo,https://ws-idesc.cali.gov.co/geoserver/ows?service=WFS&version=1.0.0&request=GetFeature&typeName=dapm:epou_epu_espacio_publico_efectivo&outputFormat=application/json&srsName=EPSG:4326,CC BY-SA,2026-09-25,"Servicio WFS de la IDESC, capa dapm:epou_epu_espacio_publico_efectivo"
raw/idesc/escenarios_deportivos.geojson,Escenarios deportivos (puntos),Secretaría del Deporte y la Recreación,https://idesc.cali.gov.co,https://ws-idesc.cali.gov.co/geoserver/ows?service=WFS&version=1.0.0&request=GetFeature&typeName=deporte_recreacion:escenarios_deportivos&outputFormat=application/json&srsName=EPSG:4326,CC BY-SA,2026-09-25,"Servicio WFS de la IDESC, capa deporte_recreacion:escenarios_deportivos"
raw/idesc/eqp_uba_deporte.geojson,POT - Equipamientos de deporte,DAPM,https://idesc.cali.gov.co,https://ws-idesc.cali.gov.co/geoserver/ows?service=WFS&version=1.0.0&request=GetFeature&typeName=pot_2014:eqp_uba_deporte&outputFormat=application/json&srsName=EPSG:4326,CC BY-SA,2026-09-25,"Servicio WFS de la IDESC, capa pot_2014:eqp_uba_deporte"
raw/idesc/eqp_uco_educacion.geojson,POT - Equipamientos de educación,DAPM,https://idesc.cali.gov.co,https://ws-idesc.cali.gov.co/geoserver/ows?service=WFS&version=1.0.0&request=GetFeature&typeName=pot_2014:eqp_uco_educacion&outputFormat=application/json&srsName=EPSG:4326,CC BY-SA,2026-09-25,"Servicio WFS de la IDESC, capa pot_2014:eqp_uco_educacion"
raw/idesc/eqp_uco_salud.geojson,POT - Equipamientos de salud,DAPM,https://datos.cali.gov.co/dataset/pot-salud,https://ws-idesc.cali.gov.co/geoserver/ows?service=WFS&version=1.0.0&request=GetFeature&typeName=pot_2014:eqp_uco_salud&outputFormat=application/json&srsName=EPSG:4326,CC BY-SA,2026-09-25,"Servicio WFS de la IDESC, capa pot_2014:eqp_uco_salud"
raw/idesc/esf_establecimiento_educativo.geojson,Establecimientos educativos,Secretaría de Educación,https://idesc.cali.gov.co,https://ws-idesc.cali.gov.co/geoserver/ows?service=WFS&version=1.0.0&request=GetFeature&typeName=educacion:esf_establecimiento_educativo&outputFormat=application/json&srsName=EPSG:4326,CC BY-SA,2026-09-25,"Servicio WFS de la IDESC, capa educacion:esf_establecimiento_educativo"
raw/idesc/mc_microzonificacion_sismica.geojson,Microzonificación sísmica de Cali,DAPM / IDESC,https://idesc.cali.gov.co,https://ws-idesc.cali.gov.co/geoserver/ows?service=WFS&version=1.0.0&request=GetFeature&typeName=idesc:mc_microzonificacion_sismica&outputFormat=application/json&srsName=EPSG:4326,CC BY-SA,2026-09-25,"Servicio WFS de la IDESC, capa idesc:mc_microzonificacion_sismica"
raw/idesc/mc_susceptible_licuacion.geojson,Zonas susceptibles a licuación,DAPM / IDESC,https://idesc.cali.gov.co,https://ws-idesc.cali.gov.co/geoserver/ows?service=WFS&version=1.0.0&request=GetFeature&typeName=idesc:mc_susceptible_licuacion&outputFormat=application/json&srsName=EPSG:4326,CC BY-SA,2026-09-25,"Servicio WFS de la IDESC, capa idesc:mc_susceptible_licuacion"
raw/idesc/amb_ari_efectos_sismicos.geojson,POT - Efectos sísmicos (licuación y corrimiento lateral),DAPM,https://datos.cali.gov.co/dataset/efectos-sismicos,https://ws-idesc.cali.gov.co/geoserver/ows?service=WFS&version=1.0.0&request=GetFeature&typeName=pot_2014:amb_ari_efectos_sismicos&outputFormat=application/json&srsName=EPSG:4326,CC BY-SA,2026-09-25,"Servicio WFS de la IDESC, capa pot_2014:amb_ari_efectos_sismicos"
raw/idesc/amb_ari_inundacion_fluvial.geojson,POT - Inundación fluvial,DAPM,https://datos.cali.gov.co/dataset/inundacion-fluvial,https://ws-idesc.cali.gov.co/geoserver/ows?service=WFS&version=1.0.0&request=GetFeature&typeName=pot_2014:amb_ari_inundacion_fluvial&outputFormat=application/json&srsName=EPSG:4326,CC BY-SA,2026-09-25,"Servicio WFS de la IDESC, capa pot_2014:amb_ari_inundacion_fluvial"
raw/idesc/amb_ari_inundacion_pluvial.geojson,POT - Inundación pluvial,DAPM,https://datos.cali.gov.co/dataset/inundacion-pluvial,https://ws-idesc.cali.gov.co/geoserver/ows?service=WFS&version=1.0.0&request=GetFeature&typeName=pot_2014:amb_ari_inundacion_pluvial&outputFormat=application/json&srsName=EPSG:4326,CC BY-SA,2026-09-25,"Servicio WFS de la IDESC, capa pot_2014:amb_ari_inundacion_pluvial"
raw/idesc/amb_ari_amenaza_desborde_creciente.geojson,POT - Zonas de desbordamiento Tr 50 años,DAPM,https://datos.cali.gov.co/dataset/zonas-de-desbordamiento-con-periodos-de-retorno-de-50-anos,https://ws-idesc.cali.gov.co/geoserver/ows?service=WFS&version=1.0.0&request=GetFeature&typeName=pot_2014:amb_ari_amenaza_desborde_creciente&outputFormat=application/json&srsName=EPSG:4326,CC BY-SA,2026-09-25,"Servicio WFS de la IDESC, capa pot_2014:amb_ari_amenaza_desborde_creciente"
raw/idesc/amb_ari_diques.geojson,POT - Diques (incluye Jarillón del río Cauca),DAPM,https://datos.cali.gov.co/dataset/diques,https://ws-idesc.cali.gov.co/geoserver/ows?service=WFS&version=1.0.0&request=GetFeature&typeName=pot_2014:amb_ari_diques&outputFormat=application/json&srsName=EPSG:4326,CC BY-SA,2026-09-25,"Servicio WFS de la IDESC, capa pot_2014:amb_ari_diques"
raw/idesc/emc_amb_ari_amenaza_no_mitigable_inundacion.geojson,Amenaza no mitigable por inundación (río Cauca y tributarios),DAPM - Expediente municipal,https://idesc.cali.gov.co,https://ws-idesc.cali.gov.co/geoserver/ows?service=WFS&version=1.0.0&request=GetFeature&typeName=expediente_municipal:emc_amb_ari_amenaza_no_mitigable_inundacion&outputFormat=application/json&srsName=EPSG:4326,CC BY-SA,2026-09-25,"Servicio WFS de la IDESC, capa expediente_municipal:emc_amb_ari_amenaza_no_mitigable_inundacion"
raw/idesc/ads_ips_capacidad_reps.geojson,IPS y capacidad instalada (REPS),Secretaría de Salud Pública,https://idesc.cali.gov.co,https://ws-idesc.cali.gov.co/geoserver/ows?service=WFS&version=1.0.0&request=GetFeature&typeName=salud:ads_ips_capacidad_reps&outputFormat=application/json&srsName=EPSG:4326,CC BY-SA,2026-09-25,"Servicio WFS de la IDESC, capa salud:ads_ips_capacidad_reps"
raw/idesc/pfp_ivc_organismos_accion_comunal.geojson,Organismos de acción comunal (JAC),Secretaría de Desarrollo Territorial y Participación Ciudadana,https://idesc.cali.gov.co,https://ws-idesc.cali.gov.co/geoserver/ows?service=WFS&version=1.0.0&request=GetFeature&typeName=desarrollo_territorial_pc:pfp_ivc_organismos_accion_comunal&outputFormat=application/json&srsName=EPSG:4326,CC BY-SA,2026-09-25,"Servicio WFS de la IDESC, capa desarrollo_territorial_pc:pfp_ivc_organismos_accion_comunal"
raw/idesc/pmih_barrios_precarios.geojson,Barrios precarios (PMIH),Secretaría de Vivienda Social y Hábitat,https://idesc.cali.gov.co,https://ws-idesc.cali.gov.co/geoserver/ows?service=WFS&version=1.0.0&request=GetFeature&typeName=vivienda:pmih_barrios_precarios&outputFormat=application/json&srsName=EPSG:4326,CC BY-SA,2026-09-25,"Servicio WFS de la IDESC, capa vivienda:pmih_barrios_precarios"
raw/cali_abiertos/escenarios_deportivos.csv,Escenarios Deportivos de Santiago de Cali (atributos),Secretaría del Deporte y la Recreación,https://datos.cali.gov.co/dataset/escenarios-deportivos-de-santiago-de-cali,https://datos.cali.gov.co/dataset/bcd91741-d1e7-4fd6-be0e-87a428cab94b/resource/de4a23e6-2440-47ec-bdc1-cac61c5f2ad8/download/escenarios-deportivos.csv,CC BY-SA,2026-09-25,"Codificación latin1, separador ;"
raw/cali_abiertos/organismos_socorro.csv,Ubicación de organismos de socorro y de la Secretaría de Gestión del Riesgo 2024,Secretaría de Gestión del Riesgo,https://datos.cali.gov.co/dataset/ubicacion-organismos-de-socorro-y-secretaria-de-gestion-de-riesgo-2024,https://datos.cali.gov.co/dataset/02c6222a-136d-41f1-9c62-efd580a5afcb/resource/0950db10-b61d-4bc8-ad2f-7be7868fad32/download/dato_7_ubicaciones_organismos_socorro.csv,CC BY,2026-09-25,Separador |
raw/cali_abiertos/plan_jarillon_intervenciones.csv,"Intervenciones del Plan Jarillón: demoliciones y liberación de áreas, 2014-2024",Secretaría de Gestión del Riesgo,https://datos.cali.gov.co/dataset/casas-demolidas-en-el-jarillon-de-cali-durante-el-periodo-2014-al-2024,https://datos.cali.gov.co/dataset/d643f5a3-edd3-449f-8c8f-0006d62e76e9/resource/f1bfcae7-89d2-4784-8bdf-0d3a1c5abf3b/download/dato_4_intervenciones_plan_jarillon.csv,CC BY-SA,2026-09-25,Separador |
raw/cali_abiertos/poblacion_comuna_2006_2020.csv,Proyecciones de población de Cali por comuna y corregimiento 2006-2020,DAPM,https://datos.cali.gov.co/dataset/proyecciones-de-poblacion-de-cali-por-comuna-y-corregimiento-2006-2020,https://datos.cali.gov.co/dataset/8fb07a43-4033-437e-8db0-e1474937ecae/resource/63f3e50e-0452-49cf-993d-08dfc2842cb4/download/proyecciones_de_poblaci_n_de_cali_por_comuna_y_corregimiento__2006-2020.csv,CC BY-SA,2026-09-25,Desactualizada: última proyección 2020
raw/cali_abiertos/estrato_moda_comuna_2015.csv,"Estratificación socioeconómica urbana por comunas, 2015",DAPM,https://datos.cali.gov.co/dataset/estratificacion-socioeconomica-urbana-por-comunas-en-cali-ano-2015,https://datos.cali.gov.co/dataset/89db273a-dcd0-459c-b995-621dbf1f94c9/resource/88f7450b-59d7-42f5-aaa3-010dbca9976b/download/estratificaci_n_socioecon_mica_urbana_por_comunas_en_cali_a_o_2015.csv,CC BY-SA,2026-09-25,
raw/sismo/EMSR916_AOI01_GRA_PRODUCT_v2.zip,"Copernicus EMS EMSR916 - AOI01 Northern Cali, evaluación de daños (GRA v2)",Copernicus Emergency Management Service (UE),https://rapidmapping.emergency.copernicus.eu/EMSR916/,https://rapidmapping.emergency.copernicus.eu/backend/EMSR916/AOI01/GRA_PRODUCT/EMSR916_AOI01_GRA_PRODUCT_v2.zip,Copernicus: uso libre con atribución,2026-09-25,Fotointerpretación; incluye un mapa en PDF
raw/sismo/EMSR916_AOI03_GRA_PRODUCT_v1.zip,"Copernicus EMS EMSR916 - AOI03 Cali Center, evaluación de daños (GRA v1)",Copernicus Emergency Management Service (UE),https://rapidmapping.emergency.copernicus.eu/EMSR916/,https://rapidmapping.emergency.copernicus.eu/backend/EMSR916/AOI03/GRA_PRODUCT/EMSR916_AOI03_GRA_PRODUCT_v1.zip,Copernicus: uso libre con atribución,2026-09-25,Fotointerpretación; incluye un mapa en PDF
raw/sismo/sertit_danos.csv,"Daños ICube-SERTIT / International Charter, AOI07 Cali (filtrado a Cali)","ICube-SERTIT (Univ. de Estrasburgo), vía monitor-terremoto-colombia",https://sertit.unistra.fr/cartographie-rapide/cartoaction/845/,https://raw.githubusercontent.com/18orkidea/monitor-terremoto-colombia/HEAD/data/dumps/sertit_danos.csv,Fuente primaria: atribución a ICube-SERTIT; el repositorio intermedio no declara licencia,2026-09-25,Vectores originales: data/documentos/sertit/CHARTER_CALL1202_ID1048_AOI07_COLOMBIA_CALI_IMPACTMAP_20260810_SCALE7500_A1_ICube-SERTIT_en_vectors.zip en https://github.com/18orkidea/monitor-terremoto-colombia
raw/sismo/msft_danos.csv,Daños detectados por modelo de IA sobre huellas de edificios (filtrado a Cali),"Microsoft AI for Good + Airbus, publicado en HDX; vía monitor-terremoto-colombia",https://data.humdata.org/dataset/98e2bb4b-e2b9-4178-bf47-826883ca08cc,https://raw.githubusercontent.com/18orkidea/monitor-terremoto-colombia/HEAD/data/dumps/msft_danos.csv,HDX (verificar la licencia del dataset),2026-09-25,Fuente original: airbus_8-10_cali_hdx_building_footprints_with_predictions_validated.gpkg en HDX
raw/sismo/msft_recursos.csv,Índice de recursos de Microsoft/Airbus en HDX,"Microsoft AI for Good, vía monitor-terremoto-colombia",https://data.humdata.org/dataset/98e2bb4b-e2b9-4178-bf47-826883ca08cc,https://raw.githubusercontent.com/18orkidea/monitor-terremoto-colombia/HEAD/data/dumps/msft_recursos.csv,HDX (verificar),2026-09-25,Trae la URL de descarga directa de cada archivo en HDX
raw/sismo/men_sedes.csv,"Sedes educativas con estado físico tras el sismo (filtrado a Cali, cod_mun 76001)","Ministerio de Educación Nacional (SISE), vía monitor-terremoto-colombia",https://mineducacion.maps.arcgis.com/apps/dashboards/5e47f09f3b374396a5b3be15e8e96192,https://raw.githubusercontent.com/18orkidea/monitor-terremoto-colombia/HEAD/data/dumps/men_sedes.csv,Información pública del MEN,2026-09-25,"Reporte administrativo de las secretarías de educación, no una evaluación estructural"
raw/sismo/ops_salud_ips.csv,IPS con daños según los SitRep 1-6 de la OPS (filtrado a Cali),"Organización Panamericana de la Salud, vía monitor-terremoto-colombia",https://github.com/18orkidea/monitor-terremoto-colombia/tree/HEAD/data/documentos/ops_salud,https://raw.githubusercontent.com/18orkidea/monitor-terremoto-colombia/HEAD/data/dumps/ops_salud_ips.csv,Información pública de la OPS,2026-09-25,Filas repetidas por SitRep
raw/sismo/crosscheck.csv,Cruce Copernicus vs. prensa y reportes por AOI,datosdelterremoto.org,https://datosdelterremoto.org/municipio/cali/,https://datosdelterremoto.org/data/public/crosscheck.csv,Sin licencia declarada,2026-09-25,
(no guardado) rud.json,"RUD - Registro Único de Damnificados, serie diaria por municipio","UNGRD, capturado por datosdelterremoto.org",https://rud.gestiondelriesgo.gov.co/,https://datosdelterremoto.org/data/public/rud.json,Información pública,2026-09-25,"Cali: 45.138 familias, 97.337 personas, 879 viviendas destruidas y 16.357 averiadas (corte al 17-sep-2026)"
(no guardado) monitor.json,"Monitor del terremoto: AOIs, exposición y activaciones",datosdelterremoto.org,https://datosdelterremoto.org/,https://datosdelterremoto.org/data/public/monitor.json,Sin licencia declarada,2026-09-25,
(consulta) IDEAM nivel instantáneo,Nivel instantáneo de ríos (IDEAM),"IDEAM, en datos.gov.co",https://www.datos.gov.co/resource/bdmn-sqnh,https://www.datos.gov.co/resource/bdmn-sqnh.json,Datos abiertos,2026-09-25,En Cali solo trae la estación La Vorágine; no incluye Juanchito
(consulta) CVC Juanchito,"Nivel del río Cauca en Juanchito, informes diarios GEOCVC",CVC,https://portal-hidroclimatologico.cvc.gov.co/,,Pública,2026-09-25,No tiene API: se copia a mano
(consulta) catálogo IDESC,Capacidades del servicio WFS de la IDESC (lista de capas),IDESC,https://idesc.cali.gov.co,https://ws-idesc.cali.gov.co/geoserver/ows?service=WFS&version=1.0.0&request=GetCapabilities,,2026-09-25,Sirve para descubrir más capas
(consulta) API del portal,API CKAN de Datos Abiertos Cali,Alcaldía de Cali,https://datos.cali.gov.co,https://datos.cali.gov.co/api/3/action/package_search?q=,,2026-09-25,Búsqueda de datasets
../../maqueta3d/public/data/spaces.json,Mapa de espacios por comuna y barrio,Derivado de Alcaldía de Cali · DAPM / IDESC y Deporte,https://datos.cali.gov.co/dataset/epou-espacio-publico-efectivo | https://idesc.cali.gov.co | https://www.datos.gov.co/dataset/Comunas-de-Santiago-de-Cali/dx2g-2mhm | https://datos.cali.gov.co/dataset/servicio-wms-barrios-de-cali | https://datos.cali.gov.co/dataset/inundacion-fluvial | https://datos.cali.gov.co/dataset/inundacion-pluvial | https://idesc.cali.gov.co | https://idesc.cali.gov.co | https://datos.cali.gov.co/dataset/efectos-sismicos,https://ws-idesc.cali.gov.co/geoserver/ows?service=WFS&version=1.0.0&request=GetFeature&typeName=dapm:epou_epu_espacio_publico_efectivo&outputFormat=application/json&srsName=EPSG:4326 | https://ws-idesc.cali.gov.co/geoserver/ows?service=WFS&version=1.0.0&request=GetFeature&typeName=deporte_recreacion:escenarios_deportivos&outputFormat=application/json&srsName=EPSG:4326 | https://ws-idesc.cali.gov.co/geoserver/ows?service=WFS&version=1.0.0&request=GetFeature&typeName=dapm:pdt_dpa_comunas&outputFormat=application/json&srsName=EPSG:4326 | https://ws-idesc.cali.gov.co/geoserver/ows?service=WFS&version=1.0.0&request=GetFeature&typeName=dapm:pdt_dpa_barrios_sectores&outputFormat=application/json&srsName=EPSG:4326 | https://ws-idesc.cali.gov.co/geoserver/ows?service=WFS&version=1.0.0&request=GetFeature&typeName=pot_2014:amb_ari_inundacion_fluvial&outputFormat=application/json&srsName=EPSG:4326 | https://ws-idesc.cali.gov.co/geoserver/ows?service=WFS&version=1.0.0&request=GetFeature&typeName=pot_2014:amb_ari_inundacion_pluvial&outputFormat=application/json&srsName=EPSG:4326 | https://ws-idesc.cali.gov.co/geoserver/ows?service=WFS&version=1.0.0&request=GetFeature&typeName=expediente_municipal:emc_amb_ari_amenaza_no_mitigable_inundacion&outputFormat=application/json&srsName=EPSG:4326 | https://ws-idesc.cali.gov.co/geoserver/ows?service=WFS&version=1.0.0&request=GetFeature&typeName=idesc:mc_susceptible_licuacion&outputFormat=application/json&srsName=EPSG:4326 | https://ws-idesc.cali.gov.co/geoserver/ows?service=WFS&version=1.0.0&request=GetFeature&typeName=pot_2014:amb_ari_efectos_sismicos&outputFormat=application/json&srsName=EPSG:4326,CC BY-SA 4.0,2026-09-25,"Derivado local reproducible con npm run data en maqueta3d; URL de descarga corresponde a fuentes primarias, no al derivado. No confirma disponibilidad."
../../maqueta3d/public/data/sectores.csv,Resumen territorial del mapa,Derivado de Alcaldía de Cali · DAPM / IDESC y Deporte,https://datos.cali.gov.co/dataset/epou-espacio-publico-efectivo | https://idesc.cali.gov.co | https://www.datos.gov.co/dataset/Comunas-de-Santiago-de-Cali/dx2g-2mhm | https://datos.cali.gov.co/dataset/servicio-wms-barrios-de-cali,https://ws-idesc.cali.gov.co/geoserver/ows?service=WFS&version=1.0.0&request=GetFeature&typeName=dapm:epou_epu_espacio_publico_efectivo&outputFormat=application/json&srsName=EPSG:4326 | https://ws-idesc.cali.gov.co/geoserver/ows?service=WFS&version=1.0.0&request=GetFeature&typeName=deporte_recreacion:escenarios_deportivos&outputFormat=application/json&srsName=EPSG:4326 | https://ws-idesc.cali.gov.co/geoserver/ows?service=WFS&version=1.0.0&request=GetFeature&typeName=dapm:pdt_dpa_comunas&outputFormat=application/json&srsName=EPSG:4326 | https://ws-idesc.cali.gov.co/geoserver/ows?service=WFS&version=1.0.0&request=GetFeature&typeName=dapm:pdt_dpa_barrios_sectores&outputFormat=application/json&srsName=EPSG:4326,CC BY-SA 4.0,2026-09-25,"Derivado local reproducible con npm run data en maqueta3d; URL de descarga corresponde a fuentes primarias, no al derivado. No confirma disponibilidad."
../../maqueta3d/public/data/communes.json,Límites de comunas depurados,Derivado de Alcaldía de Cali · DAPM / IDESC y Deporte,https://www.datos.gov.co/dataset/Comunas-de-Santiago-de-Cali/dx2g-2mhm,https://ws-idesc.cali.gov.co/geoserver/ows?service=WFS&version=1.0.0&request=GetFeature&typeName=dapm:pdt_dpa_comunas&outputFormat=application/json&srsName=EPSG:4326,CC BY-SA 4.0,2026-09-25,"Derivado local reproducible con npm run data en maqueta3d; URL de descarga corresponde a fuentes primarias, no al derivado. No confirma disponibilidad."
../../maqueta3d/public/data/neighborhoods.json,Límites de barrios depurados,Derivado de Alcaldía de Cali · DAPM / IDESC y Deporte,https://datos.cali.gov.co/dataset/servicio-wms-barrios-de-cali,https://ws-idesc.cali.gov.co/geoserver/ows?service=WFS&version=1.0.0&request=GetFeature&typeName=dapm:pdt_dpa_barrios_sectores&outputFormat=application/json&srsName=EPSG:4326,CC BY-SA 4.0,2026-09-25,"Derivado local reproducible con npm run data en maqueta3d; URL de descarga corresponde a fuentes primarias, no al derivado. No confirma disponibilidad."
../../maqueta3d/public/data/flood.json,Capas de inundación depuradas,Derivado de Alcaldía de Cali · DAPM / IDESC y Deporte,https://datos.cali.gov.co/dataset/inundacion-fluvial | https://datos.cali.gov.co/dataset/inundacion-pluvial | https://idesc.cali.gov.co,https://ws-idesc.cali.gov.co/geoserver/ows?service=WFS&version=1.0.0&request=GetFeature&typeName=pot_2014:amb_ari_inundacion_fluvial&outputFormat=application/json&srsName=EPSG:4326 | https://ws-idesc.cali.gov.co/geoserver/ows?service=WFS&version=1.0.0&request=GetFeature&typeName=pot_2014:amb_ari_inundacion_pluvial&outputFormat=application/json&srsName=EPSG:4326 | https://ws-idesc.cali.gov.co/geoserver/ows?service=WFS&version=1.0.0&request=GetFeature&typeName=expediente_municipal:emc_amb_ari_amenaza_no_mitigable_inundacion&outputFormat=application/json&srsName=EPSG:4326,CC BY-SA 4.0,2026-09-25,"Derivado local reproducible con npm run data en maqueta3d; URL de descarga corresponde a fuentes primarias, no al derivado. No confirma disponibilidad."
../../maqueta3d/public/data/seismic.json,Susceptibilidad a licuación y corrimiento depurada,Derivado de Alcaldía de Cali · DAPM / IDESC y Deporte,https://idesc.cali.gov.co | https://datos.cali.gov.co/dataset/efectos-sismicos,https://ws-idesc.cali.gov.co/geoserver/ows?service=WFS&version=1.0.0&request=GetFeature&typeName=idesc:mc_susceptible_licuacion&outputFormat=application/json&srsName=EPSG:4326 | https://ws-idesc.cali.gov.co/geoserver/ows?service=WFS&version=1.0.0&request=GetFeature&typeName=pot_2014:amb_ari_efectos_sismicos&outputFormat=application/json&srsName=EPSG:4326,CC BY-SA 4.0,2026-09-25,"Derivado local reproducible con npm run data en maqueta3d; URL de descarga corresponde a fuentes primarias, no al derivado. No confirma disponibilidad."
